{
    "v": "4.8.0",
    "meta": {
        "g": "LottieFiles AE 1.0.0",
        "a": "Bas Milius",
        "k": "Meteocons, Weather icons, Icon set",
        "d": "Overcast Night - Meteocons.com",
        "tc": ""
    },
    "fr": 60,
    "ip": 0,
    "op": 360,
    "w": 512,
    "h": 512,
    "nm": "overcast-night",
    "ddd": 0,
    "assets": [],
    "layers": [
        {
            "ddd": 0,
            "ind": 1,
            "ty": 4,
            "nm": "cloud",
            "sr": 1,
            "ks": {
                "o": { "a": 0, "k": 100, "ix": 11 },
                "r": { "a": 0, "k": 0, "ix": 10 },
                "p": {
                    "a": 1,
                    "k": [
                        {
                            "i": { "x": 0.833, "y": 0.833 },
                            "o": { "x": 0.167, "y": 0.167 },
                            "t": 0,
                            "s": [238, 256, 0],
                            "to": [0, 0, 0],
                            "ti": [0, 0, 0]
                        },
                        {
                            "i": { "x": 0.833, "y": 0.833 },
                            "o": { "x": 0.167, "y": 0.167 },
                            "t": 180,
                            "s": [274, 256, 0],
                            "to": [0, 0, 0],
                            "ti": [0, 0, 0]
                        },
                        { "t": 359, "s": [238, 256, 0] }
                    ],
                    "ix": 2
                },
                "a": { "a": 0, "k": [0, 0, 0], "ix": 1 },
                "s": { "a": 0, "k": [100, 100, 100], "ix": 6 }
            },
            "ao": 0,
            "shapes": [
                {
                    "ind": 0,
                    "ty": "sh",
                    "ix": 1,
                    "ks": {
                        "a": 0,
                        "k": {
                            "i": [
                                [0, 0],
                                [0, 30.928],
                                [30.928, 0],
                                [0.844, -0.038],
                                [0, 6.951],
                                [46.392, 0],
                                [14.803, -23.924],
                                [10.461, 0],
                                [0, -30.928],
                                [-0.484, -2.963],
                                [0, -29.306],
                                [-33.137, 0]
                            ],
                            "o": [
                                [30.928, 0],
                                [0, -30.928],
                                [-0.854, 0],
                                [1.592, -6.459],
                                [0, -46.392],
                                [-30.201, 0],
                                [-8.378, -4.994],
                                [-30.928, 0],
                                [0, 3.1],
                                [-27.779, 5.25],
                                [0, 33.137],
                                [0, 0]
                            ],
                            "v": [
                                [116, 108],
                                [172, 52],
                                [116, -4],
                                [113.471, -3.873],
                                [116, -24],
                                [32, -108],
                                [-39.404, -68.085],
                                [-68, -76],
                                [-124, -20],
                                [-123.199, -10.917],
                                [-172, 48],
                                [-112, 108]
                            ],
                            "c": false
                        },
                        "ix": 2
                    },
                    "nm": "Path 1",
                    "mn": "ADBE Vector Shape - Group",
                    "hd": false
                },
                {
                    "ty": "st",
                    "c": {
                        "a": 0,
                        "k": [
                            0.886274516582, 0.909803926945, 0.941176474094, 1
                        ],
                        "ix": 3
                    },
                    "o": { "a": 0, "k": 100, "ix": 4 },
                    "w": { "a": 0, "k": 15, "ix": 5 },
                    "lc": 2,
                    "lj": 2,
                    "bm": 0,
                    "nm": "Stroke 1",
                    "mn": "ADBE Vector Graphic - Stroke",
                    "hd": false
                }
            ],
            "ip": 0,
            "op": 360,
            "st": 0,
            "bm": 0
        },
        {
            "ddd": 0,
            "ind": 2,
            "ty": 4,
            "nm": "dark-cloud",
            "sr": 1,
            "ks": {
                "o": { "a": 0, "k": 100, "ix": 11 },
                "r": { "a": 0, "k": 0, "ix": 10 },
                "p": {
                    "a": 1,
                    "k": [
                        {
                            "i": { "x": 0.833, "y": 0.833 },
                            "o": { "x": 0.167, "y": 0.167 },
                            "t": 0,
                            "s": [247, 256, 0],
                            "to": [0, 0, 0],
                            "ti": [0, 0, 0]
                        },
                        {
                            "i": { "x": 0.833, "y": 0.833 },
                            "o": { "x": 0.167, "y": 0.167 },
                            "t": 180,
                            "s": [265, 256, 0],
                            "to": [0, 0, 0],
                            "ti": [0, 0, 0]
                        },
                        { "t": 359, "s": [247, 256, 0] }
                    ],
                    "ix": 2
                },
                "a": { "a": 0, "k": [0, 0, 0], "ix": 1 },
                "s": { "a": 0, "k": [100, 100, 100], "ix": 6 }
            },
            "ao": 0,
            "hasMask": true,
            "masksProperties": [
                {
                    "inv": false,
                    "mode": "a",
                    "pt": {
                        "a": 1,
                        "k": [
                            {
                                "i": { "x": 0.833, "y": 0.833 },
                                "o": { "x": 0.167, "y": 0.167 },
                                "t": 0,
                                "s": [
                                    {
                                        "i": [
                                            [0, 0],
                                            [30.928, 0],
                                            [0.844, -0.038],
                                            [0, 6.951],
                                            [46.392, 0],
                                            [0, 0],
                                            [0, 0],
                                            [0, 0]
                                        ],
                                        "o": [
                                            [0, -30.928],
                                            [-0.854, 0],
                                            [1.592, -6.459],
                                            [0, -46.392],
                                            [0, 0],
                                            [0, 0],
                                            [0, 0],
                                            [0, 0]
                                        ],
                                        "v": [
                                            [162.42, 51.5],
                                            [106.42, -4.5],
                                            [103.891, -4.373],
                                            [106.42, -24.5],
                                            [22.42, -108.5],
                                            [22.42, -256.5],
                                            [258.58, -256.5],
                                            [258.58, 51.5]
                                        ],
                                        "c": true
                                    }
                                ]
                            },
                            {
                                "i": { "x": 0.833, "y": 0.833 },
                                "o": { "x": 0.167, "y": 0.167 },
                                "t": 180,
                                "s": [
                                    {
                                        "i": [
                                            [0, 0],
                                            [30.928, 0],
                                            [0.844, -0.038],
                                            [0, 6.951],
                                            [46.392, 0],
                                            [0, 0],
                                            [0, 0],
                                            [0, 0]
                                        ],
                                        "o": [
                                            [0, -30.928],
                                            [-0.854, 0],
                                            [1.592, -6.459],
                                            [0, -46.392],
                                            [0, 0],
                                            [0, 0],
                                            [0, 0],
                                            [0, 0]
                                        ],
                                        "v": [
                                            [181.42, 51.5],
                                            [125.42, -4.5],
                                            [122.891, -4.373],
                                            [125.42, -24.5],
                                            [41.42, -108.5],
                                            [41.42, -256.5],
                                            [277.58, -256.5],
                                            [277.58, 51.5]
                                        ],
                                        "c": true
                                    }
                                ]
                            },
                            {
                                "t": 359,
                                "s": [
                                    {
                                        "i": [
                                            [0, 0],
                                            [30.928, 0],
                                            [0.844, -0.038],
                                            [0, 6.951],
                                            [46.392, 0],
                                            [0, 0],
                                            [0, 0],
                                            [0, 0]
                                        ],
                                        "o": [
                                            [0, -30.928],
                                            [-0.854, 0],
                                            [1.592, -6.459],
                                            [0, -46.392],
                                            [0, 0],
                                            [0, 0],
                                            [0, 0],
                                            [0, 0]
                                        ],
                                        "v": [
                                            [162.42, 51.5],
                                            [106.42, -4.5],
                                            [103.891, -4.373],
                                            [106.42, -24.5],
                                            [22.42, -108.5],
                                            [22.42, -256.5],
                                            [258.58, -256.5],
                                            [258.58, 51.5]
                                        ],
                                        "c": true
                                    }
                                ]
                            }
                        ],
                        "ix": 1
                    },
                    "o": { "a": 0, "k": 100, "ix": 3 },
                    "x": { "a": 0, "k": 0, "ix": 4 },
                    "nm": "Mask 1"
                }
            ],
            "shapes": [
                {
                    "ind": 0,
                    "ty": "sh",
                    "ix": 1,
                    "ks": {
                        "a": 0,
                        "k": {
                            "i": [
                                [0, -17.898],
                                [-17.891, 0],
                                [0, 0],
                                [0, 0],
                                [-0.781, 0],
                                [0, 19.177],
                                [16.07, 3.038],
                                [0, 1.794],
                                [17.891, 0],
                                [4.847, -2.89],
                                [17.471, 0],
                                [0, -26.848],
                                [-0.921, -3.738],
                                [0.494, 0]
                            ],
                            "o": [
                                [0, 17.898],
                                [0, 0],
                                [0, 0],
                                [0.768, 0.051],
                                [19.17, 0],
                                [0, -16.959],
                                [0.28, -1.715],
                                [0, -17.898],
                                [-6.052, 0],
                                [-8.564, -13.845],
                                [-26.837, 0],
                                [0, 4.023],
                                [-0.488, -0.022],
                                [-17.891, 0]
                            ],
                            "v": [
                                [1.499, 9.093],
                                [33.895, 41.501],
                                [163.477, 41.501],
                                [163.477, 41.384],
                                [165.791, 41.501],
                                [200.501, 6.778],
                                [172.269, -27.318],
                                [172.733, -32.574],
                                [140.337, -64.982],
                                [123.795, -60.401],
                                [82.488, -83.501],
                                [33.895, -34.889],
                                [35.358, -23.241],
                                [33.895, -23.315]
                            ],
                            "c": true
                        },
                        "ix": 2
                    },
                    "nm": "Path 1",
                    "mn": "ADBE Vector Shape - Group",
                    "hd": false
                },
                {
                    "ty": "st",
                    "c": {
                        "a": 0,
                        "k": [
                            0.580392181873, 0.639215707779, 0.721568644047, 1
                        ],
                        "ix": 3
                    },
                    "o": { "a": 0, "k": 100, "ix": 4 },
                    "w": { "a": 0, "k": 14.983, "ix": 5 },
                    "lc": 1,
                    "lj": 2,
                    "bm": 0,
                    "nm": "Stroke 1",
                    "mn": "ADBE Vector Graphic - Stroke",
                    "hd": false
                }
            ],
            "ip": 0,
            "op": 360,
            "st": 0,
            "bm": 0
        },
        {
            "ddd": 0,
            "ind": 3,
            "ty": 4,
            "nm": "moon",
            "sr": 1,
            "ks": {
                "o": { "a": 0, "k": 100, "ix": 11 },
                "r": { "a": 0, "k": 0, "ix": 10 },
                "p": { "a": 0, "k": [154, 207, 0], "ix": 2 },
                "a": { "a": 0, "k": [0, 0, 0], "ix": 1 },
                "s": { "a": 0, "k": [100, 100, 100], "ix": 6 }
            },
            "ao": 0,
            "hasMask": true,
            "masksProperties": [
                {
                    "inv": false,
                    "mode": "a",
                    "pt": {
                        "a": 1,
                        "k": [
                            {
                                "i": { "x": 0.833, "y": 0.833 },
                                "o": { "x": 0.167, "y": 0.167 },
                                "t": 0,
                                "s": [
                                    {
                                        "i": [
                                            [0, 0],
                                            [14.803, -23.924],
                                            [10.461, 0],
                                            [0, -30.928],
                                            [-0.484, -2.963],
                                            [0, -29.306],
                                            [0, 0],
                                            [0, 0],
                                            [0, 0]
                                        ],
                                        "o": [
                                            [-30.201, 0],
                                            [-8.378, -4.994],
                                            [-30.928, 0],
                                            [0, 3.1],
                                            [-27.779, 5.25],
                                            [0, 0],
                                            [0, 0],
                                            [0, 0],
                                            [0, 0]
                                        ],
                                        "v": [
                                            [116.5, -58.5],
                                            [45.096, -18.585],
                                            [16.5, -26.5],
                                            [-39.5, 29.5],
                                            [-38.699, 38.583],
                                            [-87.5, 97.5],
                                            [-159.5, 97.5],
                                            [-159.5, -206.5],
                                            [116.5, -206.5]
                                        ],
                                        "c": true
                                    }
                                ]
                            },
                            {
                                "i": { "x": 0.833, "y": 0.833 },
                                "o": { "x": 0.167, "y": 0.167 },
                                "t": 180,
                                "s": [
                                    {
                                        "i": [
                                            [0, 0],
                                            [14.803, -23.924],
                                            [10.461, 0],
                                            [0, -30.928],
                                            [-0.484, -2.963],
                                            [0, -29.306],
                                            [0, 0],
                                            [0, 0],
                                            [0, 0]
                                        ],
                                        "o": [
                                            [-30.201, 0],
                                            [-8.378, -4.994],
                                            [-30.928, 0],
                                            [0, 3.1],
                                            [-27.779, 5.25],
                                            [0, 0],
                                            [0, 0],
                                            [0, 0],
                                            [0, 0]
                                        ],
                                        "v": [
                                            [152.5, -58.5],
                                            [81.096, -18.585],
                                            [52.5, -26.5],
                                            [-3.5, 29.5],
                                            [-2.699, 38.583],
                                            [-51.5, 97.5],
                                            [-123.5, 97.5],
                                            [-123.5, -206.5],
                                            [152.5, -206.5]
                                        ],
                                        "c": true
                                    }
                                ]
                            },
                            {
                                "t": 359,
                                "s": [
                                    {
                                        "i": [
                                            [0, 0],
                                            [14.803, -23.924],
                                            [10.461, 0],
                                            [0, -30.928],
                                            [-0.484, -2.963],
                                            [0, -29.306],
                                            [0, 0],
                                            [0, 0],
                                            [0, 0]
                                        ],
                                        "o": [
                                            [-30.201, 0],
                                            [-8.378, -4.994],
                                            [-30.928, 0],
                                            [0, 3.1],
                                            [-27.779, 5.25],
                                            [0, 0],
                                            [0, 0],
                                            [0, 0],
                                            [0, 0]
                                        ],
                                        "v": [
                                            [116.5, -58.5],
                                            [45.096, -18.585],
                                            [16.5, -26.5],
                                            [-39.5, 29.5],
                                            [-38.699, 38.583],
                                            [-87.5, 97.5],
                                            [-159.5, 97.5],
                                            [-159.5, -206.5],
                                            [116.5, -206.5]
                                        ],
                                        "c": true
                                    }
                                ]
                            }
                        ],
                        "ix": 1
                    },
                    "o": { "a": 0, "k": 100, "ix": 3 },
                    "x": { "a": 0, "k": 0, "ix": 4 },
                    "nm": "Mask 1"
                }
            ],
            "shapes": [
                {
                    "ty": "gr",
                    "it": [
                        {
                            "ind": 0,
                            "ty": "sh",
                            "ix": 1,
                            "ks": {
                                "a": 0,
                                "k": {
                                    "i": [
                                        [3.175, 0],
                                        [0, 46.539],
                                        [-1.775, 6.766],
                                        [0, -43.407],
                                        [-47.17, 0],
                                        [-9.519, 36.29]
                                    ],
                                    "o": [
                                        [-47.17, 0],
                                        [0, -7.313],
                                        [-42.75, 4.614],
                                        [0, 46.539],
                                        [39.758, 0],
                                        [-3.085, 0.333]
                                    ],
                                    "v": [
                                        [74.616, 21.402],
                                        [-10.793, -62.865],
                                        [-7.975, -84],
                                        [-84, -0.267],
                                        [1.409, 84],
                                        [84, 20.869]
                                    ],
                                    "c": true
                                },
                                "ix": 2
                            },
                            "nm": "Path 1",
                            "mn": "ADBE Vector Shape - Group",
                            "hd": false
                        },
                        {
                            "ty": "st",
                            "c": {
                                "a": 0,
                                "k": [
                                    0.447058826685, 0.72549021244,
                                    0.835294127464, 1
                                ],
                                "ix": 3
                            },
                            "o": { "a": 0, "k": 100, "ix": 4 },
                            "w": { "a": 0, "k": 10, "ix": 5 },
                            "lc": 2,
                            "lj": 2,
                            "bm": 0,
                            "nm": "Stroke 1",
                            "mn": "ADBE Vector Graphic - Stroke",
                            "hd": false
                        },
                        {
                            "ty": "tr",
                            "p": { "a": 0, "k": [0, 0], "ix": 2 },
                            "a": { "a": 0, "k": [0, 0], "ix": 1 },
                            "s": { "a": 0, "k": [100, 100], "ix": 3 },
                            "r": {
                                "a": 1,
                                "k": [
                                    {
                                        "i": { "x": [0.833], "y": [0.833] },
                                        "o": { "x": [0.167], "y": [0.167] },
                                        "t": 0,
                                        "s": [-15]
                                    },
                                    {
                                        "i": { "x": [0.833], "y": [0.833] },
                                        "o": { "x": [0.167], "y": [0.167] },
                                        "t": 180,
                                        "s": [9]
                                    },
                                    { "t": 359, "s": [-15] }
                                ],
                                "ix": 6
                            },
                            "o": { "a": 0, "k": 100, "ix": 7 },
                            "sk": { "a": 0, "k": 0, "ix": 4 },
                            "sa": { "a": 0, "k": 0, "ix": 5 },
                            "nm": "Transform"
                        }
                    ],
                    "nm": "moon-mask",
                    "np": 2,
                    "cix": 2,
                    "bm": 0,
                    "ix": 1,
                    "mn": "ADBE Vector Group",
                    "hd": false
                }
            ],
            "ip": 0,
            "op": 360,
            "st": 0,
            "bm": 0
        }
    ],
    "markers": []
}
